cd_corrida,nu_carregamento,peso_t,volume_m3
N8949,1.0,55.93,78.07493348756506
N8961,1.0,66.26,83.53871475771656
N9020,1.0,51.29,81.61840659340659
N9078,1.0,62.21,90.5763351755457
N9131,1.0,50.21,81.30714285714286
N9358,1.0,53.129999999999995,83.28104395604394
N9369,1.0,50.46,87.54097262386736
N9372,1.0,53.019999999999996,81.33981225652654
N9408,1.0,50.15,80.1760989010989
N9717,1.0,53.14,78.71604395604395
N9771,1.0,65.34,79.70698532044396
N9822,1.0,65.7,79.02742274310255
N9863,1.0,57.97,80.02739439542395
O0059,1.0,50.65,79.50302197802198
O0105,1.0,50.13,82.06360805860805
O0278,1.0,62.9,78.63702029799774
O0470,2.0,63.120000000000005,78.35891941391941
O0579,1.0,62.95,85.38461538461539
O0589,1.0,57.230000000000004,79.56001831501831
O0707,1.0,53.96,86.81181318681318
O0723,1.0,61.44,81.26902825745682
O0848,1.0,58.35,79.42566823652538
O0863,1.0,50.2,83.9879120879121
O1001,1.0,58.56,80.54220409967701
O1004,1.0,58.85,86.84094395423952
O1005,1.0,62.1,90.67039370973853
O1016,1.0,63.01,80.46808298597954
O1029,1.0,67.36,82.0236563994298
O1034,1.0,55.410000000000004,80.72402919576318
O1052,1.0,51.72,83.05335845107274
O1065,1.0,52.76,79.36666352694924
O1085,1.0,58.7,79.1153815478446
O1196,2.0,58.510000000000005,80.64166666666667
O1206,1.0,62.480000000000004,96.21849607535322
O1239,1.0,61.59,92.3488286099865
O1260,1.0,59.57,78.90735241951032
O1261,1.0,59.53,80.09021553884712
O1460,1.0,63.1,78.79833333333333
O1461,1.0,63.61,81.72532234432234
O1552,1.0,60.12,81.71294505494507
O1640,1.0,60.53,78.14780219780219
O1643,1.0,58.53,83.51912529798244
O1680,1.0,64.34,79.17162480376766
O1692,1.0,59.93,78.59777339901478
O1744,1.0,57.54,78.04914442700158
O1923,1.0,64.01,83.2643379817064
O1945,1.0,52.61,91.50384615384615
O1994,1.0,60.13,78.46741758241758
O1998,1.0,59.31,79.13124542124542
O2069,1.0,62.34,80.10730036630036
O2133,1.0,58.97,88.37042124542124
O2134,1.0,59.88,84.01228937728938
O2141,1.0,60.12,78.16568172568172
O2195,1.0,57.129999999999995,78.19052904238619
O2526,1.0,46.91,79.14862637362637
O2539,1.0,60.54,89.35678754578754
O2579,1.0,70.3,80.93501583629403
O2585,1.0,62.44,78.89568633121264
O2618,1.0,71.18,77.33268823768823
O2621,1.0,58.23,79.94728985161316
O2624,1.0,67.92999999999999,84.80548095819525
O2626,1.0,63.7,78.03484411578397
O2629,1.0,67.05,79.11708391858768
O2644,1.0,70.78,72.48361122586687
O2654,1.0,62.03,79.37792068082294
O2749,1.0,52.64,88.60518053375196
O2758,1.0,72.55,73.36661957090529
O2787,1.0,64.83,80.1072442002442
O2813,1.0,70.66,76.37359916274202
O2831,1.0,56.78,79.25245473574044
O2843,1.0,69.58,80.12603930461073
O2878,1.0,62.74,90.57902098959242
O2893,1.0,70.49,68.48525351841141
O2900,1.0,64.69,79.86334222919938
O2938,1.0,64.33,78.28514652014653
O2965,1.0,71.55,78.32090319204605
O2966,1.0,65.44,79.31583621140764
O2967,1.0,66.99,79.2502314302239
O2970,1.0,70.73,79.91254631083203
O2992,1.0,72.46,72.5035429538437
O3035,1.0,64.64,80.45424192349004
O3052,1.0,56.160000000000004,87.79122187336473
O3058,1.0,62.349999999999994,79.08270493873943
O3059,1.0,59.120000000000005,78.51815902488316
O3072,1.0,62.95,88.71276818419676
O3129,1.0,68.77,79.32766704559808
O3151,1.0,70.3,70.96224489795918
O3267,1.0,59.11,84.3900150100526
O3268,1.0,58.34,87.69614888870528
O3271,1.0,61.89,90.55221184830208
O3272,1.0,60.28,91.28191164724998
O3273,1.0,57.63,88.49119832548404
O3274,1.0,58.58,87.70001955438046
O3275,1.0,59.57,81.27474579305407
O3276,1.0,59.74,83.74163086287146
O3277,1.0,59.54,88.2992141066953
O3283,1.0,58.32,80.39735230934478
O3287,1.0,61.06,87.84926739926739
O3351,1.0,61.54,80.08118331543143
O3379,1.0,60.73,83.45740240711669
O3380,1.0,57.41,80.70572632129775
O3381,1.0,59.03,81.74487859759289
O3398,1.0,54.94,88.81842857142857
O3406,1.0,66.94,80.9866202594398
O3416,1.0,66.3,81.23320512820513
O3424,1.0,53.71,79.98827838827839
O3476,1.0,61.29,87.97323927002044
O3572,1.0,55.07,79.61487702773417
O3582,1.0,50.51,82.04368131868132
O3588,1.0,65.4,79.96983130904184
O3591,1.0,66.25,105.60831708391859
O3593,1.0,59.85,84.02593434134788
O3602,1.0,67.22,81.39870348949296
O3611,1.0,68.92,90.66286072323666
O3615,1.0,67.78,90.4229944556351
O3622,1.0,68.24,79.04852783668572
O3624,1.0,61.31,82.05968647461776
O3649,1.0,62.68,91.675059712774
O3680,1.0,63.44,79.65734211903384
O3681,1.0,67.85,78.6592387256297
O3756,1.0,62.05,80.45814233385661
O3808,1.0,64.42999999999999,79.01376030757285
O3811,1.0,65.96,78.06342032716417
O3813,1.0,68.64,87.47363680727227
O3843,1.0,61.96,88.51399492003976
O3931,1.0,59.92,81.24454003139718
O4051,1.0,63.32,85.85078795890826
O4081,1.0,63.8,81.72416425679583
O4231,1.0,67.26,86.51805075876504
O4280,1.0,55.19,82.73217948717948
O4281,1.0,50.56,85.8723704866562
O4315,1.0,76.93,85.6658440607012
O4349,1.0,65.18,80.4448148934291
O4351,1.0,60.68,82.57177085855982
O4363,1.0,62.68,78.70432845091129
O4364,1.0,62.05,78.01360405086228
O4366,1.0,65.8,78.23556602761167
O4379,1.0,65.16,81.40186384870856
O4387,1.0,61.92,83.33926483506987
O4390,1.0,60.87,81.5568959333621
O4397,1.0,67.41,86.46424029000124
O4488,1.0,65.08,81.06867870225014
O4507,1.0,57.46,81.86465567765568
O4523,1.0,60.46,83.87750337381917
O4526,1.0,71.46000000000001,93.16161067503924
O4543,1.0,63.2,82.71550482686443
O4545,1.0,64.48,80.63202677781989
O4555,1.0,65.41,97.53896934264422
O4557,1.0,64.02,82.64726768797705
O4573,1.0,60.76,79.4860698677349
O4595,1.0,71.33,69.1577032967033
O4607,1.0,59.86,87.06492307692308
O4621,1.0,76.46000000000001,73.94104395604396
O4625,1.0,78.15,76.04809366823652
O4639,1.0,66.57,83.0124777603349
O4640,1.0,65.09,81.75789900575614
O4646,1.0,71.14,78.62034013605442
O4656,1.0,63.620000000000005,92.94307692307693
O4657,1.0,65.52,84.63602356592504
O4668,1.0,70.86,74.19481214024071
O4671,1.0,60.46,78.44179126292427
O4673,1.0,72.42,74.81865201465202
O4674,1.0,71.67,74.42065253793825
O4679,1.0,74.78,79.49521193092622
O4680,1.0,73.35,71.13677341705913
O4681,1.0,61.08,92.15704395604396
O4685,1.0,78.45,80.43472946101518
O4700,1.0,64.89,79.02608058608058
O4703,1.0,66.67,84.43111811833487
O4705,1.0,61.13,80.49443485086343
O4714,1.0,63.8,79.72318686067196
O4723,1.0,61.57,86.53794486215538
O4724,1.0,58.37,80.10743927837784
O4732,1.0,60.3,79.59217335209946
O4744,1.0,70.17999999999999,77.28972527472527
O4790,1.0,66.65,78.6070368228263
O4800,1.0,60.45,79.42848373301575
O4852,1.0,63.370000000000005,81.21491600353669
O4863,1.0,61.44,82.40489638932496
O4925,1.0,58.98,84.36041959293838
O4929,1.0,60.67,80.96807210333526
O4955,1.0,74.1,69.7498245614035
O4973,1.0,60.68,78.33039659588532
O4999,1.0,60.510000000000005,82.17747049247049
O5006,1.0,64.57,91.49664504668264
O5009,1.0,60.19,81.9307896389325
O5020,1.0,62.43,93.64257544043258
O5052,1.0,50.48,80.04505494505494
O5060,1.0,54.839999999999996,96.775
O5119,1.0,62.91,88.64580952380952
O5126,1.0,54.12,78.12821978021978
O5143,1.0,59.64,79.68404530863178
O5242,1.0,63.81,85.12489705696602
O5245,1.0,66.09,82.25854844006568
O5327,1.0,54.61,82.81818681318681
O5352,1.0,60.660000000000004,83.83870982401058
O5507,1.0,62.13,83.18380952380951
O5628,1.0,66.78,102.71964044727203
O5629,1.0,62.01,89.28242019884877
O5634,1.0,58.82,80.92162067256052
O5662,1.0,62.08,80.97994242046951
O5665,1.0,58.95,88.67529024341832
O5667,1.0,60.1,85.74282653393621
O5674,1.0,58.4,87.48081329697871
O5675,1.0,58.57,88.60723195351015
O5685,1.0,67.92,89.835554232303
O5692,1.0,71.16,77.47929931972789
O5695,1.0,76.67,81.47994835991076
O5700,1.0,73.52,89.79345391234813
O5701,1.0,74.8,101.603237076207
O5702,1.0,74.6,90.57515009577753
O5703,1.0,73.44,88.178882859859
O5705,1.0,75.48,80.04325641025642
O5706,1.0,76.49,92.58403165454371
O5708,1.0,72.65,91.51148690692247
O5709,1.0,61.69,85.06373404143173
O5729,1.0,66.9,87.78728896416867
O5753,1.0,62.33,91.06290894819466
O5754,1.0,64.57,96.82236263736263
O5758,1.0,64.98,97.75638670852956
O5763,1.0,57.879999999999995,83.48117896389324
O5767,1.0,61.89,87.08642938342446
O5775,1.0,59.56,86.24612440061883
O5779,1.0,56.99,83.06743323826808
O5784,1.0,58.46,86.9967478852493
O5800,1.0,60.78,92.42624884017546
O5801,1.0,62.67,98.15445922498554
O5803,1.0,62.6,93.53249277513602
O5809,1.0,55.94,80.03227538341876
O5810,1.0,60.88,87.4468195213308
O5811,1.0,57.12,83.81157275055772
O5898,1.0,49.230000000000004,99.20647566718995
O5900,1.0,56.81,88.80003506017792
O5902,1.0,57.05,83.43875667189953
O5905,1.0,51.32,86.01255886970172
O5906,1.0,55.27,86.92867085295657
O5907,1.0,57.09,85.31827838827839
O5909,1.0,62.75,89.3636797488226
O5913,1.0,64.89,89.03555729984302
O5927,1.0,64.94,87.74839531568595
O5931,1.0,56.25,79.91784932965228
O5933,1.0,57.76,83.5066755625327
O5940,1.0,58.33,81.65707793356069
O5946,1.0,63.94,81.63263691152854
O5949,1.0,63.2,91.5286695718075
O5957,1.0,68.43,92.93846330016021
O5966,1.0,60.41,83.71656242443927
O6016,1.0,71.49,83.94508887603624
O6017,1.0,66.66,93.38990057561486
O6022,1.0,69.87,88.32908791208791
O6025,1.0,70.08,85.51298534798535
O6034,1.0,71.97,77.74263003663003
O6045,1.0,67.88,92.79512454212454
O6046,1.0,60.88,85.59992987964416
O6048,1.0,70.14,90.68478754578754
O6074,1.0,55.6,79.44808791208791
O6087,1.0,54.0,81.01693406593407
O6107,1.0,50.2,91.9756671899529
O6132,1.0,50.39,85.11510989010989
O6158,1.0,63.49,89.95523491943197
O6184,1.0,64.28,83.65582099052102
O6199,1.0,60.43,80.4063534356923
O6200,1.0,62.199999999999996,80.28643561252505
O6202,1.0,65.53,87.15803523967175
O6220,1.0,53.08,81.41094976452119
O6222,1.0,58.57,83.39173524470517
O6228,1.0,59.32,79.60814161778072
O6229,1.0,61.3,84.69256792796693
O6231,1.0,61.160000000000004,97.20631746949792
O6252,1.0,56.769999999999996,79.3110150100526
O6269,1.0,59.54,84.36377760334904
O6314,1.0,56.72,80.12546068467873
O6327,1.0,50.339999999999996,86.30828100470957
O6334,1.0,50.77,87.26306907378336
O6374,1.0,62.32,80.01996578790668
O6378,1.0,59.26,79.6005309189989
O6402,1.0,59.83,80.16097088876036
O6421,1.0,50.050000000000004,89.46491365777081
O6422,1.0,55.35,80.94226238673608
O6429,1.0,53.910000000000004,83.43246096009254
O6432,1.0,55.86,82.5774269464871
O6433,1.0,57.75,82.10427869123357
O6435,1.0,60.94,82.59722782230301
O6437,1.0,56.2,83.8830524112479
O6438,1.0,57.21,83.78612520311769
O6444,1.0,54.77,93.43932496075354
O6456,1.0,59.1,82.74101148475584
O6469,1.0,51.84,88.14478021978022
O6470,1.0,55.449999999999996,101.4708398744113
O6472,1.0,60.18,89.27414285714285
O6473,1.0,53.01,90.7704081632653
O6491,1.0,53.2,84.0786043956044
O6495,1.0,51.370000000000005,86.2706043956044
O6497,1.0,59.13,82.93535164835166
O6499,1.0,50.62,88.80313971742544
O6502,1.0,62.19,80.41612204197918
O6513,1.0,60.39,78.39495866038723
O6515,1.0,49.05,82.74937205651491
O6522,1.0,50.79,88.04152276295133
O6525,1.0,58.31,87.70173830274815
O6526,1.0,61.93,87.14077043974089
O6528,1.0,61.22,83.25518998899295
O6538,1.0,58.519999999999996,79.96284693355214
O6543,1.0,61.230000000000004,83.70104067197171
O6548,1.0,61.75,86.4205209499687
O6549,1.0,55.68,80.0187663598177
O6550,1.0,61.66,86.75426935090663
O6551,1.0,65.16,87.04415945604823
O6553,1.0,66.1,88.83085027840538
O6554,1.0,59.92,80.95616372306287
O6558,1.0,67.03999999999999,84.64798183408502
O6562,1.0,60.25,82.78334269740284
O6566,1.0,54.96,97.14007064364208
O6568,1.0,61.64,82.62224314470231
O6570,1.0,63.94,86.63733272868922
O6571,1.0,53.97,82.49047619047619
O6576,1.0,66.88,81.08345528846748
O6584,1.0,57.34,84.2479010989011
O6587,1.0,56.81,96.96923076923076
O6595,1.0,63.05,84.52043891780734
O6601,1.0,58.78,81.38548158858686
O6609,1.0,55.9,87.61148351648352
O6628,1.0,50.95,87.3052590266876
O6629,1.0,50.18,78.82578561789089
O6652,1.0,69.95,80.26031501831501
O6655,1.0,51.5,89.66640502354788
O6670,1.0,53.69,87.41585557299842
O6680,1.0,55.94,80.57602214042114
O6682,1.0,60.55,83.75752014652015
O6688,1.0,53.589999999999996,82.26061444820843
O6690,1.0,61.11,94.93592041395645
O6692,1.0,46.87,83.14273940345369
O6698,1.0,57.14,85.06271637885924
O6701,1.0,60.71,90.99150130821559
O6703,1.0,64.92,86.41624803767661
O6707,1.0,59.4,81.07510300476466
O6708,1.0,58.77,83.24498609160263
O6711,1.0,56.91,78.83987138175108
O6714,1.0,58.17,79.58048417747665
O6717,1.0,50.11,83.44658555729984
O6719,1.0,61.31,88.8325434465284
O6726,1.0,56.620000000000005,79.4087851496874
O6729,1.0,61.19,89.60273926574679
O6742,1.0,63.1,82.50791911096422
O6744,1.0,61.58,79.7557684045278
O6749,1.0,62.66,82.66010259164395
O6754,1.0,58.22,83.70572984659451
O6758,1.0,60.26,89.7946458178413
O6761,1.0,61.3,81.57714478503952
O6763,1.0,57.58,81.95739279517474
O6767,1.0,62.67,79.74236924254555
O6769,1.0,62.2,78.402061621149
O6771,1.0,60.84,79.38617105951693
O6773,1.0,58.76,79.85958187435241
O6777,1.0,60.07,82.87181929815064
O6778,1.0,65.85,87.65359978669674
O6780,1.0,60.86,83.3133465626932
O6781,1.0,60.76,81.27803893021678
O6787,1.0,62.34,91.69539321019487
O6788,1.0,63.21,87.05730810067989
O6789,1.0,63.59,79.73719999126274
O6815,1.0,72.96000000000001,72.63843956043956
O6816,1.0,73.37,72.00782783882784
O6818,1.0,60.49,88.77164941626518
O6820,1.0,73.75,81.29528728414442
O6823,1.0,60.68,82.03913412367599
O6824,1.0,71.22,67.63678388278389
O6826,1.0,72.29,70.6645306122449
O6827,1.0,71.53999999999999,73.76068550497122
O6828,1.0,76.32,73.18145578231292
O6829,1.0,70.62,68.11892307692307
O6849,1.0,50.3,88.49383830455258
O6854,1.0,58.11,78.96863997906856
O6863,1.0,63.22,80.7249178440607
O6889,1.0,59.63,79.57545550974822
O6890,1.0,61.61,79.65405371613953
O6898,1.0,61.57,88.99716221018632
O6914,1.0,66.28999999999999,90.97057842123307
O6919,1.0,64.61,88.64613716652373
O6920,1.0,61.77,86.50308355485151
O6923,1.0,59.69,83.95563766559255
O6941,1.0,60.27,86.49098557591401
O6945,1.0,61.57,89.17543748723837
O6964,1.0,61.81,80.3729637555427
O6969,1.0,57.53,80.77565934065935
O6980,1.0,52.1,84.25809785452643
O6986,1.0,59.65,85.3033375424161
O6991,1.0,60.14,81.43340531320723
O6995,1.0,64.13,79.17078067827562
O6996,1.0,58.300000000000004,78.29287387472091
O6999,1.0,57.41,79.70264825762777
O7000,1.0,57.1,85.04623515685766
O7005,1.0,61.83,82.3971492391456
O7009,1.0,64.28,85.95602437412211
O7018,1.0,60.32,87.70198744113029
O7045,1.0,55.86,84.17151797117315
O7050,1.0,53.43,78.43226285209043
O7066,1.0,56.12,78.93601456633036
O7073,1.0,63.31,91.55743707559496
O7092,1.0,58.72,81.28376033490319
O7104,1.0,58.99,81.62504927912809
O7193,1.0,57.82,79.42958206872493
O7237,1.0,53.94,82.46643917486023
O7278,1.0,59.27,98.5869868969506
O7280,1.0,51.43,83.77196180010466
O7293,1.0,50.45,81.18548941698695
O7331,1.0,58.34,83.9790141562698
O7389,1.0,64.75,81.37472946101518
O7417,1.0,56.37,79.89473835688122
O7419,1.0,55.07,79.94939659683502
