cd_codigo_material,ds_descricao_material,tp_material
SHRE,SHREDDER,Leve
ESPS,ESTAMPARIA PRETA SOLTA,Leve
CAVA,CAVACO DE ACO,Leve
RETL,SUCATA GERADA NO PROCESSO,Leve
PACB,PACOTE DE CHAPARIA BODE,Leve
ESBS,ESTAMPARIA BRANCA SOLTA,Leve
MARP,MISTA ARAME DE PNEU,Leve
MISS,MISTA SOLTA - CHAPARIA,Leve
OXIC,SUCATA OXICORTADA,Misto
MISM,SUCATA MIUDA,Misto
PAEP,PACOTE DE ESTAMPARIA PRETA,Misto
MISB,SUCATA MISTA DE BUCHA,Misto
CAFO,CAVACO DE FERRO FUNDIDO,Misto
ESPR,ESTAMPARIA DE REFILO,Misto
PAEB,PACOTE DE ESTAMPARIA BRANCA,Misto
GUSS,GUSA SOLIDO,Pesado
GUSL,GUSA LIQUIDO,Pesado
194032,GUSA SOLIDO PRODUCAO INTERNA,Pesado
RECA,RECUPERADA DE ACO,Pesado
SUGU,SUCATA DE GUSA,Pesado
118441,Gusa Reclassificado,Pesado
FOFO,SUCATA DE FERRO FUNDIDO,Pesado
RECG,RECUPERADA DE GUSA,Pesado
RECC,RECUPERADA DE ESCORIA C,Pesado
