cd_corrida,is_carga_alta_carregamento_1,is_carga_alta_carregamento_2,qt_segundos_duracao_parada_carregamento_1,qt_segundos_duracao_parada_carregamento_2,is_carga_alta,qt_segundos_parada_carga_alta
O7417,0,0,0,0,0,0
O7419,0,0,0,0,0,0
O7382,1,0,101,0,1,101
O7389,0,0,0,0,0,0
O7379,0,0,0,0,0,0
O7359,1,0,190,0,1,190
O7349,0,1,0,94,1,94
O7351,0,1,0,222,1,222
N9089,0,0,0,0,0,0
N9124,0,1,0,282,1,282
N9207,1,0,183,0,1,183
N9243,1,1,52,183,1,235
N9295,0,0,0,0,0,0
N9311,0,1,0,444,1,444
N9388,0,0,0,0,0,0
N9446,0,1,0,217,1,217
N9689,0,0,0,0,0,0
N9742,0,0,0,0,0,0
N9806,0,0,0,0,0,0
N9879,0,0,0,0,0,0
O0104,0,0,0,0,0,0
O0182,0,0,0,0,0,0
O0456,0,0,0,0,0,0
O0474,0,0,0,0,0,0
O0488,0,0,0,0,0,0
O0506,0,0,0,0,0,0
O0522,0,0,0,0,0,0
O0541,0,0,0,0,0,0
O0695,0,1,0,347,1,347
O0763,0,0,0,0,0,0
O0876,0,0,0,0,0,0
O0951,0,0,0,0,0,0
O1042,0,0,0,0,0,0
O1446,0,0,0,0,0,0
O1516,0,0,0,0,0,0
O1631,0,0,0,0,0,0
O1774,0,0,0,0,0,0
O2198,0,0,0,0,0,0
O2382,0,0,0,0,0,0
O2539,0,1,0,383,1,383
O2700,0,0,0,0,0,0
O2901,0,0,0,0,0,0
O2928,0,0,0,0,0,0
O3116,0,0,0,0,0,0
O3117,0,0,0,0,0,0
O3226,0,1,0,105,1,105
O3519,0,0,0,0,0,0
O3756,0,0,0,0,0,0
O3766,0,0,0,0,0,0
O4316,0,0,0,0,0,0
O4322,1,0,73,0,1,73
O4576,0,0,0,0,0,0
O4680,0,0,0,0,0,0
O4753,0,0,0,0,0,0
O4886,1,0,312,0,1,312
O5119,0,0,0,0,0,0
O5252,0,0,0,0,0,0
O5811,1,0,79,0,1,79
O5869,1,0,68,0,1,68
O5887,0,1,0,812,1,812
O6197,0,0,0,0,0,0
O6231,0,0,0,0,0,0
O6339,0,0,0,0,0,0
O6422,0,0,0,0,0,0
O6568,0,0,0,0,0,0
O6682,0,1,0,714,1,714
O6816,0,0,0,0,0,0
O7296,0,0,0,0,0,0
N9570,0,0,0,0,0,0
N9594,0,0,0,0,0,0
N9868,0,0,0,0,0,0
N9877,0,0,0,0,0,0
O0299,0,0,0,0,0,0
O0458,0,0,0,0,0,0
O0462,0,1,0,411,1,411
O0519,0,0,0,0,0,0
O0548,0,0,0,0,0,0
O0689,0,1,0,54,1,54
O0757,0,1,0,753,1,753
O0834,0,0,0,0,0,0
O0944,0,0,0,0,0,0
O0980,0,0,0,0,0,0
O0991,0,0,0,0,0,0
O1267,0,0,0,0,0,0
O1283,0,0,0,0,0,0
O1296,0,0,0,0,0,0
O1304,0,0,0,0,0,0
O1380,0,0,0,0,0,0
O1493,1,0,60,0,1,60
O1514,0,0,0,0,0,0
O1665,0,0,0,0,0,0
O1922,0,0,0,0,0,0
O2633,0,0,0,0,0,0
O2711,0,0,0,0,0,0
O2919,0,0,0,0,0,0
O2965,0,0,0,0,0,0
O2986,0,0,0,0,0,0
O3020,0,0,0,0,0,0
O3271,0,0,0,0,0,0
O3482,0,0,0,0,0,0
O3593,0,0,0,0,0,0
O3872,0,0,0,0,0,0
O4351,0,0,0,0,0,0
O4725,0,0,0,0,0,0
O5424,0,0,0,0,0,0
O5501,1,0,381,0,1,381
O5665,0,0,0,0,0,0
O6034,0,1,0,147,1,147
O6222,0,0,0,0,0,0
O6310,0,1,0,81,1,81
O6319,1,0,106,0,1,106
O6364,0,0,0,0,0,0
O6429,0,0,0,0,0,0
O6701,0,0,0,0,0,0
O6714,0,0,0,0,0,0
O6779,0,0,0,0,0,0
O6789,0,0,0,0,0,0
O6822,0,0,0,0,0,0
O6826,0,0,0,0,0,0
O6832,0,0,0,0,0,0
O6866,0,0,0,0,0,0
O6868,0,0,0,0,0,0
O7024,1,1,163,38,1,201
O7159,0,1,0,81,1,81
O7193,1,0,617,0,1,617
O7206,0,1,0,114,1,114
N8757,1,0,57,0,1,57
N9050,0,0,0,0,0,0
N9164,0,1,0,47,1,47
N9213,0,1,0,56,1,56
N9874,0,0,0,0,0,0
N9886,0,0,0,0,0,0
N9892,0,0,0,0,0,0
N9942,0,0,0,0,0,0
O0102,0,0,0,0,0,0
O0260,0,0,0,0,0,0
O0482,0,0,0,0,0,0
O1058,0,0,0,0,0,0
O1085,1,0,291,0,1,291
O1118,1,0,207,0,1,207
O1362,0,0,0,0,0,0
O1368,0,1,0,195,1,195
O1389,0,0,0,0,0,0
O1424,0,0,0,0,0,0
O1610,0,0,0,0,0,0
O1638,0,0,0,0,0,0
O2537,0,1,0,416,1,416
O2559,0,0,0,0,0,0
O2696,0,1,0,365,1,365
O2698,0,0,0,0,0,0
O2704,1,0,641,0,1,641
O2813,0,0,0,0,0,0
O2938,0,1,0,113,1,113
O3000,0,1,0,135,1,135
O3074,0,0,0,0,0,0
O3086,1,0,55,0,1,55
O3277,0,0,0,0,0,0
O4035,1,0,79,0,1,79
O4309,0,0,0,0,0,0
O4311,0,0,0,0,0,0
O4482,0,0,0,0,0,0
O4505,0,1,0,137,1,137
O4640,0,0,0,0,0,0
O4714,0,0,0,0,0,0
O4724,0,0,0,0,0,0
O4908,0,0,0,0,0,0
O5900,0,0,0,0,0,0
O6014,0,0,0,0,0,0
O6019,0,0,0,0,0,0
O6022,0,1,0,160,1,160
O6025,0,0,0,0,0,0
O6314,0,1,0,60,1,60
O6416,0,0,0,0,0,0
O6507,1,0,714,0,1,714
O6550,0,0,0,0,0,0
O6590,1,0,143,0,1,143
O6761,0,0,0,0,0,0
O6783,0,0,0,0,0,0
O6833,0,0,0,0,0,0
O7192,1,0,66,0,1,66
N9078,0,0,0,0,0,0
N9256,0,0,0,0,0,0
N9455,0,0,0,0,0,0
N9469,0,0,0,0,0,0
N9618,0,1,0,185,1,185
N9654,0,1,0,502,1,502
N9667,0,0,0,0,0,0
N9715,0,1,0,213,1,213
N9770,0,0,0,0,0,0
N9839,0,0,0,0,0,0
N9913,0,0,0,0,0,0
N9963,0,0,0,0,0,0
O0539,0,0,0,0,0,0
O0542,0,0,0,0,0,0
O0560,0,0,0,0,0,0
O0570,0,0,0,0,0,0
O0581,0,0,0,0,0,0
O0588,0,0,0,0,0,0
O0786,0,1,0,129,1,129
O0894,0,0,0,0,0,0
O1065,0,0,0,0,0,0
O1100,0,1,0,635,1,635
O1117,0,1,0,119,1,119
O1376,0,0,0,0,0,0
O1621,0,0,0,0,0,0
O1636,0,0,0,0,0,0
O1975,0,0,0,0,0,0
O1992,0,0,0,0,0,0
O2065,1,0,35,0,1,35
O2395,0,0,0,0,0,0
O2550,0,0,0,0,0,0
O2645,0,0,0,0,0,0
O2689,0,0,0,0,0,0
O2825,0,0,0,0,0,0
O2838,0,0,0,0,0,0
O2902,0,0,0,0,0,0
O3252,0,0,0,0,0,0
O3461,0,0,0,0,0,0
O3513,0,1,0,350,1,350
O3561,0,0,0,0,0,0
O3649,0,0,0,0,0,0
O4069,0,0,0,0,0,0
O4502,0,1,0,184,1,184
O4557,0,0,0,0,0,0
O4565,1,0,247,0,1,247
O4723,0,0,0,0,0,0
O4895,0,0,0,0,0,0
O5580,1,0,437,0,1,437
O5702,0,0,0,0,0,0
O5946,1,1,44,109,1,153
O6094,1,1,643,384,1,1027
O6201,0,0,0,0,0,0
O6344,0,0,0,0,0,0
O6351,0,0,0,0,0,0
O6366,1,0,104,0,1,104
O6377,0,0,0,0,0,0
O6378,0,0,0,0,0,0
O6396,0,0,0,0,0,0
O6625,0,0,0,0,0,0
O6656,0,0,0,0,0,0
O6748,0,0,0,0,0,0
O6780,0,0,0,0,0,0
O6807,0,0,0,0,0,0
O7203,0,1,0,607,1,607
N8766,0,1,0,67,1,67
N9071,0,1,0,78,1,78
N9134,0,0,0,0,0,0
N9161,0,0,0,0,0,0
N9181,0,0,0,0,0,0
N9211,1,1,82,63,1,145
N9349,0,0,0,0,0,0
N9432,0,0,0,0,0,0
N9510,0,0,0,0,0,0
N9554,0,0,0,0,0,0
N9717,0,0,0,0,0,0
N9771,0,0,0,0,0,0
N9876,0,0,0,0,0,0
N9951,0,0,0,0,0,0
O0076,1,0,103,0,1,103
O0356,1,0,157,0,1,157
O0357,1,0,85,0,1,85
O0464,0,0,0,0,0,0
O0722,0,1,0,177,1,177
O0760,0,1,0,27,1,27
O0941,0,0,0,0,0,0
O1115,0,1,0,245,1,245
O1611,0,0,0,0,0,0
O1618,0,0,0,0,0,0
O1928,0,1,0,357,1,357
O1989,0,0,0,0,0,0
O2144,0,0,0,0,0,0
O2165,1,0,62,0,1,62
O2245,1,0,157,0,1,157
O2249,0,0,0,0,0,0
O2394,0,0,0,0,0,0
O2695,0,0,0,0,0,0
O2715,0,0,0,0,0,0
O2871,0,0,0,0,0,0
O2907,0,0,0,0,0,0
O3809,0,0,0,0,0,0
O4380,0,0,0,0,0,0
O4500,0,1,0,202,1,202
O4704,0,0,0,0,0,0
O4856,0,0,0,0,0,0
O4875,0,0,0,0,0,0
O4902,0,0,0,0,0,0
O4925,0,0,0,0,0,0
O5381,0,0,0,0,0,0
O6017,0,0,0,0,0,0
O6046,0,0,0,0,0,0
O6095,1,1,97,266,1,363
O6382,0,0,0,0,0,0
O6423,0,0,0,0,0,0
O6424,0,0,0,0,0,0
O6688,0,0,0,0,0,0
O6763,0,0,0,0,0,0
N9010,0,1,0,240,1,240
N9018,0,0,0,0,0,0
N9167,0,0,0,0,0,0
N9201,0,0,0,0,0,0
N9288,0,1,0,243,1,243
N9348,0,1,0,196,1,196
N9448,0,0,0,0,0,0
N9525,1,0,181,0,1,181
N9569,0,1,0,339,1,339
N9712,0,0,0,0,0,0
N9850,0,0,0,0,0,0
N9851,0,0,0,0,0,0
N9894,0,0,0,0,0,0
O0064,1,0,89,0,1,89
O0069,0,1,0,229,1,229
O0290,0,0,0,0,0,0
O0466,0,0,0,0,0,0
O0483,0,0,0,0,0,0
O0491,0,0,0,0,0,0
O0572,0,0,0,0,0,0
O0576,0,0,0,0,0,0
O0579,0,0,0,0,0,0
O0704,1,0,524,0,1,524
O0780,0,1,0,91,1,91
O0828,0,0,0,0,0,0
O0904,0,0,0,0,0,0
O1379,0,0,0,0,0,0
O1915,0,1,0,330,1,330
O1934,0,0,0,0,0,0
O2592,0,0,0,0,0,0
O2618,0,0,0,0,0,0
O2683,0,0,0,0,0,0
O2728,0,0,0,0,0,0
O3273,0,0,0,0,0,0
O3325,0,1,0,154,1,154
O3576,0,0,0,0,0,0
O3620,0,0,0,0,0,0
O3622,0,0,0,0,0,0
O3806,0,0,0,0,0,0
O4290,0,1,0,135,1,135
O4296,0,0,0,0,0,0
O4312,0,0,0,0,0,0
O4580,0,0,0,0,0,0
O4595,0,0,0,0,0,0
O4728,0,0,0,0,0,0
O4838,1,0,101,0,1,101
O4955,0,0,0,0,0,0
O4969,0,0,0,0,0,0
O4995,0,1,0,357,1,357
O5242,0,0,0,0,0,0
O6121,0,0,0,0,0,0
O6202,0,0,0,0,0,0
O6353,0,0,0,0,0,0
O6768,0,0,0,0,0,0
O6770,0,0,0,0,0,0
O6811,0,0,0,0,0,0
O6920,0,0,0,0,0,0
O7240,1,0,42,0,1,42
N8961,0,0,0,0,0,0
N9025,0,0,0,0,0,0
N9146,0,0,0,0,0,0
N9283,0,0,0,0,0,0
N9331,0,0,0,0,0,0
N9508,0,1,0,137,1,137
N9626,0,0,0,0,0,0
N9822,0,0,0,0,0,0
N9827,0,1,0,92,1,92
N9841,0,0,0,0,0,0
N9872,0,0,0,0,0,0
O0497,0,0,0,0,0,0
O0528,0,0,0,0,0,0
O0529,1,0,764,0,1,764
O0569,0,0,0,0,0,0
O0663,0,1,0,74,1,74
O0684,0,1,0,248,1,248
O0827,0,1,0,72,1,72
O0854,0,0,0,0,0,0
O1026,0,0,0,0,0,0
O1084,0,1,0,66,1,66
O1377,0,0,0,0,0,0
O1405,0,0,0,0,0,0
O1419,0,0,0,0,0,0
O2158,1,0,269,0,1,269
O2172,0,0,0,0,0,0
O2296,0,1,0,63,1,63
O2308,0,1,0,134,1,134
O2386,0,0,0,0,0,0
O2868,0,0,0,0,0,0
O3387,0,0,0,0,0,0
O3416,0,0,0,0,0,0
O3512,0,0,0,0,0,0
O3789,0,0,0,0,0,0
O4051,0,0,0,0,0,0
O4076,0,0,0,0,0,0
O4245,0,0,0,0,0,0
O4306,0,0,0,0,0,0
O4674,0,0,0,0,0,0
O4677,0,0,0,0,0,0
O5612,1,0,44,0,1,44
O5705,0,0,0,0,0,0
O5909,0,1,0,120,1,120
O5949,0,1,0,252,1,252
O6305,0,1,0,101,1,101
O6456,0,0,0,0,0,0
O6470,0,0,0,0,0,0
O6477,1,0,30,0,1,30
O6478,0,1,0,252,1,252
O6571,0,0,0,0,0,0
O6624,0,0,0,0,0,0
O6835,0,0,0,0,0,0
O6958,0,0,0,0,0,0
O7144,0,1,0,863,1,863
O7172,0,1,0,118,1,118
N9027,0,0,0,0,0,0
N9451,0,0,0,0,0,0
N9631,0,0,0,0,0,0
N9655,0,0,0,0,0,0
N9807,0,0,0,0,0,0
N9863,0,0,0,0,0,0
N9866,0,0,0,0,0,0
O0110,0,0,0,0,0,0
O0591,0,0,0,0,0,0
O0622,0,0,0,0,0,0
O0814,0,0,0,0,0,0
O1029,0,0,0,0,0,0
O1451,0,0,0,0,0,0
O1523,0,0,0,0,0,0
O1648,0,0,0,0,0,0
O1714,0,1,0,82,1,82
O2125,0,0,0,0,0,0
O2264,0,0,0,0,0,0
O2563,0,0,0,0,0,0
O3608,0,0,0,0,0,0
O3843,0,0,0,0,0,0
O3973,0,0,0,0,0,0
O4262,0,0,0,0,0,0
O4278,0,0,0,0,0,0
O4315,0,0,0,0,0,0
O4612,0,1,0,91,1,91
O4671,0,0,0,0,0,0
O4726,0,0,0,0,0,0
O4744,0,0,0,0,0,0
O5069,0,0,0,0,0,0
O5551,0,0,0,0,0,0
O6002,0,1,0,124,1,124
O6432,0,0,0,0,0,0
O6642,0,0,0,0,0,0
O6657,0,0,0,0,0,0
O6707,0,0,0,0,0,0
O6834,0,0,0,0,0,0
O6847,0,0,0,0,0,0
O6863,0,0,0,0,0,0
O6898,0,0,0,0,0,0
N9176,0,0,0,0,0,0
N9517,0,0,0,0,0,0
N9802,0,0,0,0,0,0
N9842,0,0,0,0,0,0
O0623,0,0,0,0,0,0
O0668,0,1,0,632,1,632
O0767,0,1,0,102,1,102
O0805,0,0,0,0,0,0
O0985,0,1,0,283,1,283
O1034,0,1,0,117,1,117
O1196,0,0,0,0,0,0
O1220,0,0,0,0,0,0
O1246,0,0,0,0,0,0
O1361,0,0,0,0,0,0
O1686,0,0,0,0,0,0
O1735,0,0,0,0,0,0
O2392,0,0,0,0,0,0
O2706,0,0,0,0,0,0
O3346,0,0,0,0,0,0
O3468,0,0,0,0,0,0
O3780,0,0,0,0,0,0
O4279,0,0,0,0,0,0
O4365,0,0,0,0,0,0
O4578,0,0,0,0,0,0
O4834,1,0,338,0,1,338
O4890,1,0,428,0,1,428
O5215,0,1,0,304,1,304
O6081,1,0,414,0,1,414
O6206,0,0,0,0,0,0
O6221,0,0,0,0,0,0
O6343,0,0,0,0,0,0
O6350,0,0,0,0,0,0
O6414,0,0,0,0,0,0
O6426,0,0,0,0,0,0
O6574,0,0,0,0,0,0
O6703,1,0,219,0,1,219
O6736,1,0,38,0,1,38
O6823,0,0,0,0,0,0
O7158,0,0,0,0,0,0
N9158,0,0,0,0,0,0
N9236,1,1,351,231,1,582
N9545,0,0,0,0,0,0
N9688,0,0,0,0,0,0
N9756,0,1,0,392,1,392
O0696,1,0,366,0,1,366
O0779,1,1,210,134,1,344
O1206,0,0,0,0,0,0
O1407,0,0,0,0,0,0
O1482,0,0,0,0,0,0
O1660,0,0,0,0,0,0
O1991,0,0,0,0,0,0
O2259,0,0,0,0,0,0
O2585,0,0,0,0,0,0
O2649,0,0,0,0,0,0
O2758,0,0,0,0,0,0
O2883,1,0,299,0,1,299
O3379,0,1,0,248,1,248
O3585,0,0,0,0,0,0
O3609,0,0,0,0,0,0
O3786,0,0,0,0,0,0
O3900,1,0,300,0,1,300
O4427,0,0,0,0,0,0
O4521,0,0,0,0,0,0
O4627,0,0,0,0,0,0
O4705,1,0,224,0,1,224
O4800,0,1,0,104,1,104
O5352,1,0,122,0,1,122
O5634,0,0,0,0,0,0
O5695,1,0,51,0,1,51
O5907,0,0,0,0,0,0
O6185,0,0,0,0,0,0
O6320,1,0,392,0,1,392
O6357,0,0,0,0,0,0
O6535,0,0,0,0,0,0
O6570,0,0,0,0,0,0
O6578,0,0,0,0,0,0
O6729,0,0,0,0,0,0
O6777,0,0,0,0,0,0
O6837,0,0,0,0,0,0
O6844,0,0,0,0,0,0
O6867,0,0,0,0,0,0
O6969,1,0,125,0,1,125
N8911,0,0,0,0,0,0
N8969,0,0,0,0,0,0
N9592,0,1,0,410,1,410
N9716,0,0,0,0,0,0
N9765,0,0,0,0,0,0
N9818,0,0,0,0,0,0
N9883,1,0,206,0,1,206
N9901,0,0,0,0,0,0
O0453,0,0,0,0,0,0
O0580,0,0,0,0,0,0
O0751,0,1,0,711,1,711
O0826,0,0,0,0,0,0
O0879,0,0,0,0,0,0
O1257,0,0,0,0,0,0
O1261,0,0,0,0,0,0
O1291,0,0,0,0,0,0
O1366,0,0,0,0,0,0
O1415,0,0,0,0,0,0
O1427,0,0,0,0,0,0
O1666,0,0,0,0,0,0
O2030,0,0,0,0,0,0
O2341,0,0,0,0,0,0
O2588,0,0,0,0,0,0
O2843,0,0,0,0,0,0
O2877,0,0,0,0,0,0
O3072,0,0,0,0,0,0
O3476,0,1,0,103,1,103
O3542,0,0,0,0,0,0
O3792,0,0,0,0,0,0
O4390,0,0,0,0,0,0
O4397,0,0,0,0,0,0
O4940,0,0,0,0,0,0
O5685,0,0,0,0,0,0
O5803,0,0,0,0,0,0
O5906,0,0,0,0,0,0
O6175,0,0,0,0,0,0
O6177,0,0,0,0,0,0
O6363,0,0,0,0,0,0
O6391,0,0,0,0,0,0
O6601,0,0,0,0,0,0
O6758,0,0,0,0,0,0
O6766,0,0,0,0,0,0
O6782,0,0,0,0,0,0
O6798,0,0,0,0,0,0
O6830,0,0,0,0,0,0
O6859,0,0,0,0,0,0
O6986,0,1,0,80,1,80
N9057,0,0,0,0,0,0
N9568,0,0,0,0,0,0
N9662,0,0,0,0,0,0
N9897,0,0,0,0,0,0
O0450,0,1,0,212,1,212
O0540,0,0,0,0,0,0
O0544,0,0,0,0,0,0
O0565,0,0,0,0,0,0
O0694,0,1,0,268,1,268
O0919,0,0,0,0,0,0
O1241,0,0,0,0,0,0
O1260,0,0,0,0,0,0
O1456,0,0,0,0,0,0
O1712,0,1,0,372,1,372
O2322,0,0,0,0,0,0
O2342,0,1,0,130,1,130
O2612,0,0,0,0,0,0
O2647,0,0,0,0,0,0
O2685,0,0,0,0,0,0
O2738,0,1,0,66,1,66
O2941,0,0,0,0,0,0
O3151,0,0,0,0,0,0
O3627,0,0,0,0,0,0
O4231,1,0,115,0,1,115
O4305,0,0,0,0,0,0
O4552,0,1,0,353,1,353
O4668,0,0,0,0,0,0
O4673,0,0,0,0,0,0
O4751,0,0,0,0,0,0
O4850,0,0,0,0,0,0
O5586,1,0,147,0,1,147
O6048,0,0,0,0,0,0
O6113,0,0,0,0,0,0
O6161,1,0,78,0,1,78
O6376,0,0,0,0,0,0
O6440,0,0,0,0,0,0
O6846,0,0,0,0,0,0
O6860,0,0,0,0,0,0
O6960,0,0,0,0,0,0
O7174,0,1,0,536,1,536
N9160,0,0,0,0,0,0
N9208,1,0,133,0,1,133
N9324,0,0,0,0,0,0
N9391,0,0,0,0,0,0
N9790,0,1,0,71,1,71
N9797,0,0,0,0,0,0
N9834,0,0,0,0,0,0
O0045,0,0,0,0,0,0
O0245,0,0,0,0,0,0
O0402,0,1,0,73,1,73
O0449,0,0,0,0,0,0
O0986,1,0,191,0,1,191
O1013,0,0,0,0,0,0
O1490,0,0,0,0,0,0
O2606,0,0,0,0,0,0
O2624,0,0,0,0,0,0
O2654,1,0,357,0,1,357
O2921,0,0,0,0,0,0
O3216,0,1,0,392,1,392
O3554,0,0,0,0,0,0
O3575,0,0,0,0,0,0
O4488,1,0,499,0,1,499
O4651,0,0,0,0,0,0
O5004,0,0,0,0,0,0
O5629,0,0,0,0,0,0
O5729,0,0,0,0,0,0
O5731,0,0,0,0,0,0
O6005,0,1,0,115,1,115
O6636,1,0,135,0,1,135
O6829,0,0,0,0,0,0
O6965,0,0,0,0,0,0
O7044,1,0,225,0,1,225
O7073,0,0,0,0,0,0
O7215,0,1,0,68,1,68
N9309,0,0,0,0,0,0
N9567,0,0,0,0,0,0
N9630,0,0,0,0,0,0
O0153,0,0,0,0,0,0
O0251,1,0,82,0,1,82
O0326,0,1,0,121,1,121
O0478,0,0,0,0,0,0
O0500,0,0,0,0,0,0
O0502,0,0,0,0,0,0
O0524,0,0,0,0,0,0
O0563,0,0,0,0,0,0
O0575,0,0,0,0,0,0
O0616,0,0,0,0,0,0
O0703,1,0,209,0,1,209
O0773,0,1,0,470,1,470
O0861,0,0,0,0,0,0
O1027,0,0,0,0,0,0
O1205,0,0,0,0,0,0
O1494,1,0,194,0,1,194
O1503,0,1,0,614,1,614
O1905,0,0,0,0,0,0
O2111,0,0,0,0,0,0
O2162,0,0,0,0,0,0
O2646,0,0,0,0,0,0
O2961,0,0,0,0,0,0
O3182,0,0,0,0,0,0
O3324,0,0,0,0,0,0
O3421,0,1,0,498,1,498
O3680,0,0,0,0,0,0
O3898,1,0,441,0,1,441
O4041,0,1,0,65,1,65
O4522,0,0,0,0,0,0
O4700,0,1,0,415,1,415
O4956,0,0,0,0,0,0
O5701,0,0,0,0,0,0
O5801,0,0,0,0,0,0
O6083,0,1,0,92,1,92
O6358,0,0,0,0,0,0
O6430,0,0,0,0,0,0
O6540,0,0,0,0,0,0
O6648,0,0,0,0,0,0
O6824,0,0,0,0,0,0
O7121,0,1,0,77,1,77
N9066,0,0,0,0,0,0
N9157,0,0,0,0,0,0
N9289,0,0,0,0,0,0
N9521,1,0,64,0,1,64
N9580,0,0,0,0,0,0
N9695,0,0,0,0,0,0
N9804,0,0,0,0,0,0
N9832,0,0,0,0,0,0
N9924,1,0,228,0,1,228
O0105,0,0,0,0,0,0
O0475,0,0,0,0,0,0
O0499,0,0,0,0,0,0
O0508,0,0,0,0,0,0
O0510,0,0,0,0,0,0
O0699,0,1,0,359,1,359
O0867,0,0,0,0,0,0
O1148,1,0,508,0,1,508
O1372,0,0,0,0,0,0
O1680,0,0,0,0,0,0
O1713,1,1,69,375,1,444
O1715,1,0,203,0,1,203
O1979,0,0,0,0,0,0
O2388,0,0,0,0,0,0
O2909,1,0,105,0,1,105
O2911,0,0,0,0,0,0
O3035,0,0,0,0,0,0
O3276,0,0,0,0,0,0
O4003,0,0,0,0,0,0
O4111,1,0,82,0,1,82
O4236,1,0,89,0,1,89
O4510,1,0,70,0,1,70
O4973,0,0,0,0,0,0
O5966,0,1,0,274,1,274
O6096,1,1,61,288,1,349
O6620,0,0,0,0,0,0
O6790,0,0,0,0,0,0
O6843,0,0,0,0,0,0
O6865,0,0,0,0,0,0
O7066,1,0,132,0,1,132
O7132,0,1,0,138,1,138
N8962,0,0,0,0,0,0
N9144,0,0,0,0,0,0
N9831,0,0,0,0,0,0
N9849,0,0,0,0,0,0
N9895,0,0,0,0,0,0
O0457,0,1,0,501,1,501
O0674,0,1,0,213,1,213
O0952,0,0,0,0,0,0
O0965,0,0,0,0,0,0
O1262,0,0,0,0,0,0
O1280,0,0,0,0,0,0
O1384,0,0,0,0,0,0
O1540,0,0,0,0,0,0
O1639,0,0,0,0,0,0
O1659,0,0,0,0,0,0
O1925,0,0,0,0,0,0
O2536,0,1,0,368,1,368
O2910,0,0,0,0,0,0
O3222,0,1,0,142,1,142
O4237,1,0,70,0,1,70
O4274,0,0,0,0,0,0
O4790,0,1,0,186,1,186
O5319,0,0,0,0,0,0
O5692,0,0,0,0,0,0
O5933,0,1,0,691,1,691
O6018,1,0,377,0,1,377
O6072,0,1,0,462,1,462
O6179,0,1,0,275,1,275
O6269,0,0,0,0,0,0
O6649,0,0,0,0,0,0
O6754,1,0,62,0,1,62
O6845,0,0,0,0,0,0
O6923,0,1,0,171,1,171
O7145,1,0,155,0,1,155
N9344,0,0,0,0,0,0
N9601,0,0,0,0,0,0
N9767,0,0,0,0,0,0
N9838,0,0,0,0,0,0
N9955,0,0,0,0,0,0
N9980,1,0,466,0,1,466
O0469,0,0,0,0,0,0
O0492,0,0,0,0,0,0
O0556,0,0,0,0,0,0
O0617,0,0,0,0,0,0
O0619,0,0,0,0,0,0
O0873,0,0,0,0,0,0
O0962,0,1,0,34,1,34
O1623,0,0,0,0,0,0
O1923,0,0,0,0,0,0
O1943,0,0,0,0,0,0
O2069,1,0,90,0,1,90
O2177,1,0,502,0,1,502
O2579,0,0,0,0,0,0
O2900,0,0,0,0,0,0
O2937,0,0,0,0,0,0
O4405,0,0,0,0,0,0
O4530,0,0,0,0,0,0
O4745,0,0,0,0,0,0
O4874,0,0,0,0,0,0
O4916,0,0,0,0,0,0
O4967,0,0,0,0,0,0
O5753,0,0,0,0,0,0
O6228,0,0,0,0,0,0
O6483,0,1,0,132,1,132
O6560,0,0,0,0,0,0
O6646,0,0,0,0,0,0
O6776,0,0,0,0,0,0
N9121,0,0,0,0,0,0
N9261,0,1,0,71,1,71
N9548,0,0,0,0,0,0
N9952,0,1,0,288,1,288
O0337,1,0,101,0,1,101
O0451,0,0,0,0,0,0
O1011,0,0,0,0,0,0
O1128,1,0,98,0,1,98
O1352,1,0,183,0,1,183
O1358,0,0,0,0,0,0
O1461,0,0,0,0,0,0
O1627,0,0,0,0,0,0
O2191,0,1,0,56,1,56
O2311,0,1,0,85,1,85
O2404,1,0,191,0,1,191
O2627,0,0,0,0,0,0
O2892,0,0,0,0,0,0
O4275,0,0,0,0,0,0
O4487,0,0,0,0,0,0
O4519,0,0,0,0,0,0
O5628,0,0,0,0,0,0
O5779,0,0,0,0,0,0
O7331,0,0,0,0,0,0
N8932,0,0,0,0,0,0
N9177,0,0,0,0,0,0
N9310,0,0,0,0,0,0
N9398,1,0,117,0,1,117
N9485,0,0,0,0,0,0
N9597,0,1,0,100,1,100
N9675,0,0,0,0,0,0
N9830,0,0,0,0,0,0
N9909,0,0,0,0,0,0
N9982,0,0,0,0,0,0
O0247,0,1,0,1230,1,1230
O0549,0,0,0,0,0,0
O1287,0,0,0,0,0,0
O1363,0,0,0,0,0,0
O1409,0,1,0,95,1,95
O1429,0,0,0,0,0,0
O1657,0,0,0,0,0,0
O2160,1,0,121,0,1,121
O2570,0,0,0,0,0,0
O2616,0,0,0,0,0,0
O2659,0,0,0,0,0,0
O2879,0,0,0,0,0,0
O2992,0,0,0,0,0,0
O3052,0,1,0,421,1,421
O3172,0,0,0,0,0,0
O3812,0,0,0,0,0,0
O4349,0,0,0,0,0,0
O4356,0,0,0,0,0,0
O4904,0,0,0,0,0,0
O5311,0,0,0,0,0,0
O6030,0,1,0,102,1,102
O6194,0,0,0,0,0,0
O6438,0,0,0,0,0,0
O6481,1,0,408,0,1,408
O6490,1,0,43,0,1,43
O6548,0,0,0,0,0,0
O6674,0,0,0,0,0,0
O6827,0,1,0,68,1,68
O6828,0,0,0,0,0,0
O7018,1,0,128,0,1,128
O7228,1,0,72,0,1,72
N9858,0,0,0,0,0,0
N9869,0,0,0,0,0,0
N9974,0,1,0,188,1,188
O0139,1,0,296,0,1,296
O0489,0,0,0,0,0,0
O0509,0,0,0,0,0,0
O0513,0,0,0,0,0,0
O0708,1,1,137,118,1,255
O0848,0,1,0,90,1,90
O0929,0,0,0,0,0,0
O0950,0,0,0,0,0,0
O1239,0,0,0,0,0,0
O1370,0,0,0,0,0,0
O1744,1,1,716,398,1,1114
O2189,1,0,298,0,1,298
O2755,0,1,0,145,1,145
O2932,0,0,0,0,0,0
O3026,0,0,0,0,0,0
O3059,1,0,91,0,1,91
O3129,0,0,0,0,0,0
O3828,1,0,75,0,1,75
O3959,1,0,181,0,1,181
O4396,0,0,0,0,0,0
O4400,0,0,0,0,0,0
O4464,0,0,0,0,0,0
O4526,0,0,0,0,0,0
O4577,0,0,0,0,0,0
O4664,0,0,0,0,0,0
O5245,0,0,0,0,0,0
O5985,0,1,0,177,1,177
O6224,0,0,0,0,0,0
O6229,0,0,0,0,0,0
O6787,0,0,0,0,0,0
O6945,0,1,0,283,1,283
O7062,1,0,447,0,1,447
N8933,0,0,0,0,0,0
N9422,0,1,0,227,1,227
N9426,0,1,0,173,1,173
N9449,0,0,0,0,0,0
N9659,0,0,0,0,0,0
O0442,0,1,0,325,1,325
O0487,0,0,0,0,0,0
O0526,0,0,0,0,0,0
O0557,0,0,0,0,0,0
O0583,0,0,0,0,0,0
O0766,0,1,0,321,1,321
O0772,0,1,0,177,1,177
O0883,1,0,67,0,1,67
O0925,0,0,0,0,0,0
O1286,0,0,0,0,0,0
O1640,0,0,0,0,0,0
O1963,0,0,0,0,0,0
O2591,0,0,0,0,0,0
O2626,0,0,0,0,0,0
O2688,0,0,0,0,0,0
O2699,0,1,0,65,1,65
O4357,0,0,0,0,0,0
O4670,0,0,0,0,0,0
O4767,0,1,0,35,1,35
O5006,0,0,0,0,0,0
O5009,0,0,0,0,0,0
O5957,0,0,0,0,0,0
O6093,1,0,445,0,1,445
O6778,0,0,0,0,0,0
O6856,0,0,0,0,0,0
O6964,0,0,0,0,0,0
O7101,1,0,76,0,1,76
N8948,0,0,0,0,0,0
N9333,0,1,0,540,1,540
N9813,0,0,0,0,0,0
O0039,0,0,0,0,0,0
O0564,0,0,0,0,0,0
O0595,0,0,0,0,0,0
O0844,0,1,0,561,1,561
O1250,0,0,0,0,0,0
O1617,0,0,0,0,0,0
O1726,0,0,0,0,0,0
O1743,1,0,1039,0,1,1039
O2232,1,0,113,0,1,113
O2652,0,0,0,0,0,0
O2729,0,0,0,0,0,0
O2870,0,0,0,0,0,0
O2899,1,0,115,0,1,115
O2970,0,0,0,0,0,0
O3017,0,0,0,0,0,0
O3069,1,0,66,0,1,66
O4722,0,0,0,0,0,0
O4934,0,0,0,0,0,0
O4968,1,0,126,0,1,126
O5585,1,0,388,0,1,388
O5708,0,0,0,0,0,0
O5940,0,1,0,160,1,160
O5944,0,1,0,279,1,279
O6328,1,1,366,409,1,775
O6513,1,1,92,60,1,152
O6526,0,0,0,0,0,0
O6652,0,0,0,0,0,0
O6711,0,0,0,0,0,0
O6842,0,0,0,0,0,0
N9009,0,0,0,0,0,0
N9337,0,1,0,364,1,364
N9680,0,1,0,326,1,326
O0702,0,1,0,140,1,140
O0791,0,0,0,0,0,0
O0945,0,0,0,0,0,0
O1417,0,0,0,0,0,0
O1430,0,0,0,0,0,0
O1448,0,0,0,0,0,0
O1932,0,0,0,0,0,0
O2060,1,0,132,0,1,132
O2294,0,0,0,0,0,0
O2693,0,0,0,0,0,0
O3602,0,0,0,0,0,0
O4097,1,0,565,0,1,565
O4263,0,0,0,0,0,0
O4863,0,0,0,0,0,0
O4879,0,0,0,0,0,0
O4889,0,0,0,0,0,0
O5020,0,0,0,0,0,0
O6536,0,0,0,0,0,0
N8997,0,1,0,193,1,193
N9336,0,0,0,0,0,0
N9583,0,0,0,0,0,0
N9606,0,0,0,0,0,0
O0470,0,0,0,0,0,0
O0538,0,0,0,0,0,0
O0905,0,0,0,0,0,0
O1271,0,0,0,0,0,0
O1386,0,0,0,0,0,0
O1634,0,0,0,0,0,0
O1769,0,0,0,0,0,0
O1998,0,0,0,0,0,0
O2555,0,1,0,100,1,100
O3807,1,0,184,0,1,184
O4151,1,0,458,0,1,458
O5784,0,1,0,113,1,113
O6184,0,0,0,0,0,0
O6773,0,0,0,0,0,0
O6797,0,0,0,0,0,0
O7169,0,1,0,677,1,677
N9148,0,0,0,0,0,0
N9421,0,1,0,739,1,739
N9634,0,0,0,0,0,0
N9847,0,0,0,0,0,0
N9935,0,0,0,0,0,0
O0574,0,0,0,0,0,0
O0866,1,1,176,143,1,319
O0882,0,0,0,0,0,0
O1285,0,0,0,0,0,0
O1432,0,0,0,0,0,0
O1787,1,0,237,0,1,237
O3167,0,1,0,506,1,506
O3754,0,0,0,0,0,0
O4535,0,1,0,29,1,29
O4593,0,0,0,0,0,0
O4683,0,0,0,0,0,0
O4703,0,0,0,0,0,0
O5327,0,1,0,113,1,113
O5809,1,0,307,0,1,307
O6342,0,0,0,0,0,0
O6525,0,0,0,0,0,0
O6543,0,0,0,0,0,0
O7102,1,0,21,0,1,21
N8985,1,0,319,0,1,319
N9364,0,1,0,101,1,101
N9386,0,1,0,255,1,255
N9515,0,0,0,0,0,0
N9599,0,0,0,0,0,0
O0281,0,0,0,0,0,0
O0516,0,0,0,0,0,0
O1348,1,0,186,0,1,186
O1364,0,0,0,0,0,0
O1385,0,1,0,820,1,820
O1408,0,0,0,0,0,0
O1416,0,0,0,0,0,0
O2293,0,0,0,0,0,0
O2893,0,0,0,0,0,0
O3267,0,0,0,0,0,0
O3275,0,0,0,0,0,0
O3624,0,0,0,0,0,0
O3788,0,0,0,0,0,0
O3813,0,0,0,0,0,0
O4630,0,0,0,0,0,0
O4852,0,0,0,0,0,0
O4900,0,0,0,0,0,0
O5709,0,0,0,0,0,0
O5763,0,0,0,0,0,0
O5943,0,1,0,165,1,165
O5995,0,1,0,82,1,82
O6085,0,1,0,191,1,191
O6680,0,1,0,95,1,95
O6771,0,0,0,0,0,0
O6904,0,0,0,0,0,0
O6919,0,0,0,0,0,0
O7293,0,1,0,264,1,264
N8898,0,0,0,0,0,0
N9549,0,0,0,0,0,0
N9762,0,1,0,310,1,310
O0096,0,1,0,72,1,72
O0108,0,0,0,0,0,0
O0546,0,0,0,0,0,0
O0874,0,0,0,0,0,0
O1431,0,0,0,0,0,0
O1619,0,0,0,0,0,0
O2671,0,0,0,0,0,0
O2878,0,0,0,0,0,0
O3283,0,0,0,0,0,0
O3611,0,0,0,0,0,0
O4555,0,0,0,0,0,0
O4662,0,0,0,0,0,0
O4975,0,0,0,0,0,0
O5503,0,0,0,0,0,0
O6016,0,0,0,0,0,0
O7237,0,0,0,0,0,0
O7282,0,1,0,163,1,163
N9249,0,0,0,0,0,0
O0063,1,0,43,0,1,43
O0424,0,1,0,129,1,129
O0515,0,0,0,0,0,0
O0690,0,1,0,371,1,371
O1004,0,0,0,0,0,0
O1896,0,0,0,0,0,0
O1997,0,0,0,0,0,0
O2010,1,0,137,0,1,137
O2710,0,0,0,0,0,0
O2934,0,0,0,0,0,0
O6518,0,0,0,0,0,0
O6575,0,0,0,0,0,0
O6634,0,0,0,0,0,0
O7052,0,1,0,77,1,77
O7286,0,1,0,133,1,133
N8949,0,0,0,0,0,0
N9701,0,0,0,0,0,0
N9844,0,0,0,0,0,0
O0099,0,1,0,255,1,255
O0253,0,1,0,121,1,121
O0494,0,0,0,0,0,0
O0501,0,0,0,0,0,0
O1146,0,1,0,67,1,67
O1223,0,1,0,137,1,137
O1452,0,0,0,0,0,0
O1811,0,1,0,224,1,224
O2057,0,1,0,364,1,364
O2644,0,0,0,0,0,0
O2666,0,1,0,70,1,70
O3205,0,1,0,112,1,112
O3268,0,0,0,0,0,0
O4619,0,0,0,0,0,0
O4641,0,0,0,0,0,0
O4646,0,1,0,102,1,102
O4652,0,0,0,0,0,0
O6781,0,0,0,0,0,0
N9138,0,0,0,0,0,0
N9191,0,0,0,0,0,0
N9321,0,1,0,273,1,273
N9385,0,1,0,91,1,91
N9709,0,1,0,158,1,158
O0520,0,0,0,0,0,0
O1154,0,0,0,0,0,0
O1238,0,0,0,0,0,0
O1449,0,0,0,0,0,0
O1622,0,0,0,0,0,0
O1901,0,0,0,0,0,0
O2787,0,1,0,314,1,314
O2831,0,0,0,0,0,0
O3572,0,0,0,0,0,0
O3615,0,0,0,0,0,0
O3883,0,1,0,79,1,79
O4425,1,0,839,0,1,839
O4573,0,0,0,0,0,0
O4621,1,1,603,169,1,772
O4913,0,0,0,0,0,0
O6298,0,0,0,0,0,0
O6739,0,0,0,0,0,0
O6775,0,0,0,0,0,0
O6808,0,0,0,0,0,0
O6818,0,0,0,0,0,0
O6855,0,0,0,0,0,0
O7085,0,1,0,131,1,131
N9193,0,0,0,0,0,0
N9610,0,0,0,0,0,0
N9766,0,0,0,0,0,0
N9899,0,0,0,0,0,0
O0033,0,0,0,0,0,0
O0518,0,0,0,0,0,0
O0543,0,0,0,0,0,0
O0555,0,0,0,0,0,0
O1005,0,0,0,0,0,0
O1032,0,0,0,0,0,0
O1973,0,1,0,61,1,61
O2017,0,0,0,0,0,0
O2361,0,0,0,0,0,0
O2575,0,0,0,0,0,0
O2589,0,0,0,0,0,0
O2621,0,0,0,0,0,0
O2966,0,1,0,332,1,332
O3808,0,0,0,0,0,0
O4374,0,1,0,303,1,303
O4909,0,0,0,0,0,0
O4963,0,1,0,80,1,80
O4994,0,0,0,0,0,0
O6638,0,1,0,84,1,84
O6769,0,0,0,0,0,0
O6804,0,0,0,0,0,0
O6821,0,0,0,0,0,0
N9462,0,0,0,0,0,0
N9890,0,0,0,0,0,0
O0759,0,0,0,0,0,0
O2587,0,0,0,0,0,0
O2872,0,0,0,0,0,0
O2887,0,0,0,0,0,0
O2889,1,0,231,0,1,231
O2908,0,0,0,0,0,0
O3068,1,0,263,0,1,263
O4122,0,1,0,170,1,170
O5082,0,0,0,0,0,0
O5246,0,0,0,0,0,0
O6349,0,0,0,0,0,0
O6502,1,0,276,0,1,276
O6726,0,0,0,0,0,0
O6767,0,0,0,0,0,0
O6959,0,0,0,0,0,0
N9472,0,0,0,0,0,0
O0180,0,0,0,0,0,0
O0537,0,0,0,0,0,0
O0561,0,0,0,0,0,0
O0578,0,0,0,0,0,0
O1050,0,0,0,0,0,0
O1538,1,0,137,0,1,137
O2865,0,0,0,0,0,0
O6273,0,1,0,232,1,232
O6402,0,0,0,0,0,0
O6406,0,1,0,76,1,76
O6788,0,0,0,0,0,0
O6794,0,0,0,0,0,0
O6810,0,0,0,0,0,0
O6889,0,0,0,0,0,0
N9933,0,0,0,0,0,0
O0278,0,0,0,0,0,0
O0521,0,0,0,0,0,0
O0628,0,0,0,0,0,0
O0685,0,1,0,82,1,82
O1255,0,0,0,0,0,0
O1678,0,0,0,0,0,0
O1993,0,0,0,0,0,0
O2351,0,0,0,0,0,0
O3681,0,0,0,0,0,0
O4511,0,1,0,277,1,277
O4600,0,0,0,0,0,0
O4638,0,0,0,0,0,0
O4660,1,0,151,0,1,151
O4676,0,1,0,202,1,202
O4685,0,0,0,0,0,0
O5062,0,0,0,0,0,0
O5667,0,0,0,0,0,0
O6101,0,1,0,207,1,207
O6390,0,0,0,0,0,0
O6735,0,0,0,0,0,0
O6772,0,0,0,0,0,0
O6796,0,0,0,0,0,0
O6815,0,0,0,0,0,0
N9000,0,0,0,0,0,0
O0320,0,0,0,0,0,0
O1609,0,0,0,0,0,0
O1725,0,0,0,0,0,0
O2139,1,0,94,0,1,94
O3783,0,0,0,0,0,0
O4199,0,0,0,0,0,0
O4358,0,0,0,0,0,0
O5971,1,0,368,0,1,368
O6203,0,0,0,0,0,0
O6348,0,0,0,0,0,0
O6465,0,1,0,584,1,584
O6509,1,1,74,256,1,330
O6592,0,0,0,0,0,0
O6645,0,0,0,0,0,0
O7003,0,0,0,0,0,0
N9233,1,0,147,0,1,147
N9836,0,0,0,0,0,0
N9845,0,0,0,0,0,0
O1048,0,0,0,0,0,0
O1628,0,0,0,0,0,0
O1650,0,0,0,0,0,0
O1924,0,0,0,0,0,0
O2134,0,0,0,0,0,0
O2383,0,0,0,0,0,0
O2830,0,0,0,0,0,0
O3345,0,0,0,0,0,0
O5101,0,0,0,0,0,0
O6219,0,0,0,0,0,0
O6640,0,0,0,0,0,0
O6719,0,0,0,0,0,0
O6870,0,0,0,0,0,0
O6890,0,0,0,0,0,0
O7262,0,1,0,63,1,63
N8965,0,0,0,0,0,0
N9362,0,1,0,120,1,120
O1328,0,0,0,0,0,0
O1624,0,0,0,0,0,0
O1801,1,0,288,0,1,288
O2051,1,0,381,0,1,381
O2638,0,0,0,0,0,0
O2722,0,0,0,0,0,0
O3287,0,0,0,0,0,0
O3406,0,0,0,0,0,0
O4081,0,0,0,0,0,0
O4295,0,1,0,169,1,169
O4359,0,0,0,0,0,0
O6479,1,0,739,0,1,739
O6806,0,0,0,0,0,0
O6869,0,0,0,0,0,0
N9416,0,1,0,63,1,63
N9852,0,0,0,0,0,0
O1089,0,1,0,145,1,145
O1615,0,0,0,0,0,0
O2282,0,0,0,0,0,0
O2593,1,1,197,1047,1,1244
O3272,0,0,0,0,0,0
O5706,0,0,0,0,0,0
O5722,0,0,0,0,0,0
O6151,0,0,0,0,0,0
O6528,0,0,0,0,0,0
O7000,1,0,224,0,1,224
N9257,0,1,0,127,1,127
N9292,0,0,0,0,0,0
N9433,0,0,0,0,0,0
N9573,0,0,0,0,0,0
N9707,1,0,33,0,1,33
O0577,0,0,0,0,0,0
O1104,0,1,0,322,1,322
O1921,0,0,0,0,0,0
O2040,0,1,0,198,1,198
O2732,0,0,0,0,0,0
O4087,0,1,0,106,1,106
O4543,0,0,0,0,0,0
O6200,0,0,0,0,0,0
O6266,0,1,0,82,1,82
N9853,0,0,0,0,0,0
N9865,0,0,0,0,0,0
N9898,0,0,0,0,0,0
O0551,0,0,0,0,0,0
O0783,0,1,0,246,1,246
O0976,0,1,0,229,1,229
O1138,0,0,0,0,0,0
O1369,0,0,0,0,0,0
O1584,0,1,0,391,1,391
O1782,1,0,217,0,1,217
O2967,0,1,0,203,1,203
O3801,0,0,0,0,0,0
O3830,1,0,218,0,1,218
O4366,0,0,0,0,0,0
O4860,0,0,0,0,0,0
O4929,0,0,0,0,0,0
O6050,0,0,0,0,0,0
O6218,0,0,0,0,0,0
O6356,0,0,0,0,0,0
O6852,0,0,0,0,0,0
O7050,1,0,186,0,1,186
N9314,0,0,0,0,0,0
O1978,0,0,0,0,0,0
O2709,0,0,0,0,0,0
O4789,1,0,240,0,1,240
O5810,0,0,0,0,0,0
O6850,0,0,0,0,0,0
O6941,0,0,0,0,0,0
N9439,0,1,0,90,1,90
N9604,0,0,0,0,0,0
O0571,0,0,0,0,0,0
O1727,0,0,0,0,0,0
O1909,0,0,0,0,0,0
O2116,1,0,40,0,1,40
O2121,0,0,0,0,0,0
O3448,0,0,0,0,0,0
O4455,0,1,0,359,1,359
O4732,1,0,156,0,1,156
O4748,0,0,0,0,0,0
O4824,1,0,135,0,1,135
O4999,0,0,0,0,0,0
O6417,0,0,0,0,0,0
O7045,0,1,0,58,1,58
N9786,1,0,143,0,1,143
N9896,0,0,0,0,0,0
O1756,1,0,64,0,1,64
O2044,0,0,0,0,0,0
O2766,1,0,636,0,1,636
O5703,0,0,0,0,0,0
O5945,1,0,217,0,1,217
O6033,0,1,0,177,1,177
O6158,0,0,0,0,0,0
O6325,1,0,222,0,1,222
N8707,1,0,64,0,1,64
N9231,1,0,339,0,1,339
N9704,0,1,0,156,1,156
O0552,0,0,0,0,0,0
O0682,1,0,198,0,1,198
O0765,0,1,0,528,1,528
O0946,0,0,0,0,0,0
O1426,0,0,0,0,0,0
O1608,1,0,77,0,1,77
O1868,0,0,0,0,0,0
O2581,0,0,0,0,0,0
O2655,0,0,0,0,0,0
O4639,1,0,487,0,1,487
N9275,0,0,0,0,0,0
N9315,0,0,0,0,0,0
O1734,1,0,138,0,1,138
O2043,0,0,0,0,0,0
O2344,0,0,0,0,0,0
O4363,0,0,0,0,0,0
O6576,0,0,0,0,0,0
O7148,0,1,0,56,1,56
N9638,0,0,0,0,0,0
O0227,0,1,0,79,1,79
O0748,0,1,0,307,1,307
O1001,0,0,0,0,0,0
O2058,1,0,70,0,1,70
O2061,0,0,0,0,0,0
O2669,0,0,0,0,0,0
O3381,1,0,59,0,1,59
O3811,0,0,0,0,0,0
O4657,0,0,0,0,0,0
O1116,1,1,121,222,1,343
O1433,0,0,0,0,0,0
O1654,0,0,0,0,0,0
O3274,0,0,0,0,0,0
O4200,1,0,598,0,1,598
O4387,0,0,0,0,0,0
O4625,0,0,0,0,0,0
O4931,0,0,0,0,0,0
O5675,0,0,0,0,0,0
O5919,0,0,0,0,0,0
O6045,0,0,0,0,0,0
O6410,0,1,0,252,1,252
O6437,0,0,0,0,0,0
O6831,0,0,0,0,0,0
N9596,0,0,0,0,0,0
O0092,1,0,309,0,1,309
O0365,0,1,0,257,1,257
O1460,0,1,0,317,1,317
O1753,0,1,0,97,1,97
O2187,1,0,157,0,1,157
O2800,0,0,0,0,0,0
O2890,1,0,113,0,1,113
O3412,0,1,0,299,1,299
O3815,0,0,0,0,0,0
O4176,0,1,0,222,1,222
O6299,0,0,0,0,0,0
O6839,0,0,0,0,0,0
O0914,1,0,127,0,1,127
O1643,0,0,0,0,0,0
O2577,0,0,0,0,0,0
O3588,0,0,0,0,0,0
O3791,0,0,0,0,0,0
O4439,0,0,0,0,0,0
O5005,1,0,167,0,1,167
O5272,0,0,0,0,0,0
O5647,0,1,0,208,1,208
O5958,1,0,501,0,1,501
O6381,0,0,0,0,0,0
O6774,0,0,0,0,0,0
N9001,0,0,0,0,0,0
N9816,0,0,0,0,0,0
O0146,0,1,0,743,1,743
O0647,0,0,0,0,0,0
O0865,0,1,0,558,1,558
O3797,0,0,0,0,0,0
O5902,0,0,0,0,0,0
O6838,0,0,0,0,0,0
O6992,0,1,0,396,1,396
O7104,1,0,22,0,1,22
N8891,1,0,491,0,1,491
O0514,0,0,0,0,0,0
O2141,0,0,0,0,0,0
O3189,0,1,0,224,1,224
O5039,0,0,0,0,0,0
O5382,0,0,0,0,0,0
O6355,0,0,0,0,0,0
O6785,0,0,0,0,0,0
N8944,0,0,0,0,0,0
O0367,0,1,0,228,1,228
O0587,0,0,0,0,0,0
O1125,1,0,123,0,1,123
O1243,0,0,0,0,0,0
O1272,0,0,0,0,0,0
O2127,0,0,0,0,0,0
O2913,0,0,0,0,0,0
O5775,0,1,0,120,1,120
O6721,0,0,0,0,0,0
O7123,1,0,119,0,1,119
O7280,0,1,0,712,1,712
N8986,0,0,0,0,0,0
O0066,0,0,0,0,0,0
O0825,0,0,0,0,0,0
O0872,0,0,0,0,0,0
O1227,0,0,0,0,0,0
O1629,0,0,0,0,0,0
O1647,0,0,0,0,0,0
O2364,0,0,0,0,0,0
O3380,0,1,0,164,1,164
O6956,0,1,0,108,1,108
O6962,0,0,0,0,0,0
N8887,0,0,0,0,0,0
N8960,0,0,0,0,0,0
N9837,0,0,0,0,0,0
O3420,0,1,0,224,1,224
O5886,0,0,0,0,0,0
O6605,0,0,0,0,0,0
O4919,1,0,96,0,1,96
O6115,0,1,0,236,1,236
N9668,0,1,0,72,1,72
O0496,0,0,0,0,0,0
O0969,0,0,0,0,0,0
O1994,0,0,0,0,0,0
O3591,0,0,0,0,0,0
O4183,1,0,99,0,1,99
O6559,0,0,0,0,0,0
O6750,0,0,0,0,0,0
O6791,0,0,0,0,0,0
N8823,1,0,176,0,1,176
O0479,0,0,0,0,0,0
O0837,0,0,0,0,0,0
O2846,0,0,0,0,0,0
O3566,0,1,0,72,1,72
O4545,0,0,0,0,0,0
O4679,0,0,0,0,0,0
O5931,0,1,0,172,1,172
O6643,0,0,0,0,0,0
N9867,0,1,0,178,1,178
O0279,0,0,0,0,0,0
O0881,0,0,0,0,0,0
O1600,0,0,0,0,0,0
O2231,1,0,92,0,1,92
O2299,0,0,0,0,0,0
O5700,0,0,0,0,0,0
O6595,0,0,0,0,0,0
O6698,0,0,0,0,0,0
O6840,0,0,0,0,0,0
O6914,0,0,0,0,0,0
N9708,1,1,56,78,1,134
N9814,0,0,0,0,0,0
O0550,0,0,0,0,0,0
O0597,0,0,0,0,0,0
O1692,1,1,138,116,1,254
O1795,1,0,142,0,1,142
O1972,0,0,0,0,0,0
O2136,1,0,63,0,1,63
O4754,1,0,714,0,1,714
O5143,0,0,0,0,0,0
O6551,0,0,0,0,0,0
O6854,0,0,0,0,0,0
N9058,0,0,0,0,0,0
O2088,0,0,0,0,0,0
O2629,0,0,0,0,0,0
O3109,0,0,0,0,0,0
O6043,0,0,0,0,0,0
O1263,0,0,0,0,0,0
O1388,0,0,0,0,0,0
O1527,0,1,0,301,1,301
O1669,0,0,0,0,0,0
O3424,0,0,0,0,0,0
O3784,0,0,0,0,0,0
O6549,0,0,0,0,0,0
O6980,0,0,0,0,0,0
N8910,0,0,0,0,0,0
N8984,0,0,0,0,0,0
O1441,0,0,0,0,0,0
O3467,1,0,305,0,1,305
O5800,0,0,0,0,0,0
O6435,0,0,0,0,0,0
O0273,0,0,0,0,0,0
O0758,0,1,0,108,1,108
O1838,0,1,0,156,1,156
O2041,0,0,0,0,0,0
O2195,0,0,0,0,0,0
O4364,0,0,0,0,0,0
O4764,1,0,476,0,1,476
O6820,0,0,0,0,0,0
O6937,0,0,0,0,0,0
N9595,0,0,0,0,0,0
O3322,0,0,0,0,0,0
O3635,0,0,0,0,0,0
O6991,1,0,87,0,1,87
O0114,0,1,0,866,1,866
O2133,0,0,0,0,0,0
O4801,1,0,296,0,1,296
O4984,1,0,70,0,1,70
O6280,0,1,0,130,1,130
O6708,0,0,0,0,0,0
O6996,0,1,0,116,1,116
O0267,0,0,0,0,0,0
O0586,0,0,0,0,0,0
O1269,0,0,0,0,0,0
O6995,0,1,0,41,1,41
N9878,0,0,0,0,0,0
O0382,0,0,0,0,0,0
O1279,0,0,0,0,0,0
O3105,0,1,0,66,1,66
O3629,0,1,0,269,1,269
O0159,0,0,0,0,0,0
O1946,0,0,0,0,0,0
O6596,0,0,0,0,0,0
O6999,1,0,169,0,1,169
N8900,0,0,0,0,0,0
N8945,0,0,0,0,0,0
O1420,0,0,0,0,0,0
O1438,0,0,0,0,0,0
O3315,0,1,0,99,1,99
O3351,0,0,0,0,0,0
O3625,0,0,0,0,0,0
O6554,0,0,0,0,0,0
O6793,0,0,0,0,0,0
O7146,1,0,109,0,1,109
N8731,1,0,699,0,1,699
O0830,0,0,0,0,0,0
O1799,0,1,0,171,1,171
O1812,0,1,0,262,1,262
O7092,0,1,0,97,1,97
O3027,0,0,0,0,0,0
O4730,0,0,0,0,0,0
O6208,0,0,0,0,0,0
N9509,0,0,0,0,0,0
N9737,0,0,0,0,0,0
N9828,0,0,0,0,0,0
O0878,1,0,62,0,1,62
O4030,1,0,112,0,1,112
O6346,0,0,0,0,0,0
O0421,0,1,0,367,1,367
O2574,0,0,0,0,0,0
N9397,0,0,0,0,0,0
N9702,0,1,0,213,1,213
O4534,0,0,0,0,0,0
O5767,0,0,0,0,0,0
O6812,0,0,0,0,0,0
O4347,0,0,0,0,0,0
O6520,0,0,0,0,0,0
O6841,0,0,0,0,0,0
N8935,0,0,0,0,0,0
O6655,0,0,0,0,0,0
N8783,0,1,0,57,1,57
O7021,0,0,0,0,0,0
O7047,1,0,164,0,1,164
O6557,0,0,0,0,0,0
N8972,0,0,0,0,0,0
O2767,1,0,205,0,1,205
O3361,0,1,0,320,1,320
O4582,0,0,0,0,0,0
O5770,1,0,305,0,1,305
N8964,0,0,0,0,0,0
O4803,0,1,0,356,1,356
O5927,0,0,0,0,0,0
O6374,0,0,0,0,0,0
N9142,0,1,0,531,1,531
N9254,0,1,0,394,1,394
O1339,0,0,0,0,0,0
O1635,0,0,0,0,0,0
O6552,0,0,0,0,0,0
O1340,0,0,0,0,0,0
O4063,0,0,0,0,0,0
O6379,0,0,0,0,0,0
O6742,0,0,0,0,0,0
O1471,0,1,0,370,1,370
O5522,0,1,0,322,1,322
O5754,0,0,0,0,0,0
O6053,0,0,0,0,0,0
O6562,0,0,0,0,0,0
N9339,0,1,0,332,1,332
O0517,0,0,0,0,0,0
O3517,0,1,0,88,1,88
O5674,0,0,0,0,0,0
N8886,0,0,0,0,0,0
O5033,0,0,0,0,0,0
O6529,0,0,0,0,0,0
O4877,1,0,490,0,1,490
O2059,0,1,0,16,1,16
O1282,0,0,0,0,0,0
N9188,0,0,0,0,0,0
O1874,0,1,0,81,1,81
O2302,0,0,0,0,0,0
O5662,0,0,0,0,0,0
O6199,0,0,0,0,0,0
O4480,0,1,0,73,1,73
O6380,0,0,0,0,0,0
O5092,0,0,0,0,0,0
O6651,0,0,0,0,0,0
O1954,0,0,0,0,0,0
O6538,0,0,0,0,0,0
O6375,0,0,0,0,0,0
O6686,0,0,0,0,0,0
O1016,0,0,0,0,0,0
O6252,0,0,0,0,0,0
O1948,0,0,0,0,0,0
O5479,0,0,0,0,0,0
N9372,1,0,87,0,1,87
O6690,0,0,0,0,0,0
O3999,0,0,0,0,0,0
N8897,0,0,0,0,0,0
O4379,0,0,0,0,0,0
N9524,0,0,0,0,0,0
N9691,0,0,0,0,0,0
O0589,0,0,0,0,0,0
O5758,0,0,0,0,0,0
O4515,0,1,0,356,1,356
O6744,0,0,0,0,0,0
O4766,0,1,0,55,1,55
O6433,0,0,0,0,0,0
O3437,1,0,204,0,1,204
O4783,1,0,159,0,1,159
O3058,0,0,0,0,0,0
O3722,1,0,74,0,1,74
O6558,0,1,0,226,1,226
O7009,0,0,0,0,0,0
O2072,0,0,0,0,0,0
N8769,0,1,0,122,1,122
O5851,1,0,74,0,1,74
O7005,0,0,0,0,0,0
O6553,0,0,0,0,0,0
N9819,0,1,0,163,1,163
O3776,0,0,0,0,0,0
O6589,0,0,0,0,0,0
O3793,0,0,0,0,0,0
O6946,0,0,0,0,0,0
O5913,0,0,0,0,0,0
N8863,0,1,0,774,1,774
O6431,0,0,0,0,0,0
O6499,0,0,0,0,0,0
N8817,1,0,766,0,1,766
N9020,1,0,130,0,1,130
N9131,1,0,51,0,1,51
N9171,0,0,0,0,0,0
N9271,0,1,0,203,1,203
N9332,1,0,274,0,1,274
N9334,1,0,874,0,1,874
N9358,0,0,0,0,0,0
N9369,0,0,0,0,0,0
N9408,0,0,0,0,0,0
N9423,1,0,344,0,1,344
N9725,1,0,146,0,1,146
N9753,1,0,1134,0,1,1134
N9778,1,0,165,0,1,165
O0059,0,0,0,0,0,0
O0350,1,0,82,0,1,82
O0353,1,0,171,0,1,171
O0435,1,0,219,0,1,219
O0505,0,0,0,0,0,0
O0655,1,0,218,0,1,218
O0700,1,0,254,0,1,254
O0707,1,0,64,0,1,64
O0715,1,0,385,0,1,385
O0720,1,0,176,0,1,176
O0723,0,1,0,773,1,773
O0812,0,0,0,0,0,0
O0863,0,0,0,0,0,0
O0887,1,1,411,28,1,439
O1052,1,0,439,0,1,439
O1121,1,0,105,0,1,105
O1249,1,0,114,0,1,114
O1252,0,0,0,0,0,0
O1439,1,0,159,0,1,159
O1547,1,0,222,0,1,222
O1552,1,0,954,0,1,954
O1844,0,1,0,76,1,76
O1847,0,1,0,140,1,140
O1872,0,1,0,92,1,92
O1945,0,0,0,0,0,0
O2004,0,0,0,0,0,0
O2338,0,0,0,0,0,0
O2410,0,0,0,0,0,0
O2526,1,0,489,0,1,489
O2749,0,0,0,0,0,0
O2929,0,0,0,0,0,0
O3398,1,0,204,0,1,204
O3582,1,0,251,0,1,251
O3931,1,0,348,0,1,348
O4280,1,0,184,0,1,184
O4281,0,0,0,0,0,0
O4394,0,0,0,0,0,0
O4507,1,0,138,0,1,138
O4523,0,0,0,0,0,0
O4561,1,0,229,0,1,229
O4607,1,0,411,0,1,411
O4656,1,0,146,0,1,146
O4681,1,0,123,0,1,123
O4878,1,1,5,63,1,68
O5052,1,0,233,0,1,233
O5060,0,0,0,0,0,0
O5126,1,0,187,0,1,187
O5193,1,0,422,0,1,422
O5397,1,0,344,0,1,344
O5507,0,1,0,19,1,19
O5645,0,0,0,0,0,0
O5898,0,0,0,0,0,0
O5905,1,0,221,0,1,221
O5915,0,0,0,0,0,0
O6065,0,0,0,0,0,0
O6074,0,0,0,0,0,0
O6076,0,0,0,0,0,0
O6082,0,1,0,68,1,68
O6084,1,1,638,139,1,777
O6087,1,0,521,0,1,521
O6107,0,0,0,0,0,0
O6132,0,0,0,0,0,0
O6220,0,0,0,0,0,0
O6245,0,0,0,0,0,0
O6272,0,0,0,0,0,0
O6287,0,0,0,0,0,0
O6327,1,0,169,0,1,169
O6334,0,1,0,64,1,64
O6421,0,0,0,0,0,0
O6444,0,0,0,0,0,0
O6469,0,0,0,0,0,0
O6472,1,0,51,0,1,51
O6473,0,0,0,0,0,0
O6491,1,0,93,0,1,93
O6495,1,0,143,0,1,143
O6497,0,0,0,0,0,0
O6515,0,0,0,0,0,0
O6522,0,0,0,0,0,0
O6566,0,0,0,0,0,0
O6584,1,0,938,0,1,938
O6587,0,0,0,0,0,0
O6609,1,1,183,62,1,245
O6628,0,0,0,0,0,0
O6629,0,0,0,0,0,0
O6670,0,0,0,0,0,0
O6692,0,0,0,0,0,0
O6717,0,0,0,0,0,0
O6749,0,0,0,0,0,0
O6799,0,0,0,0,0,0
O6848,0,0,0,0,0,0
O6849,0,0,0,0,0,0
O6987,0,1,0,212,1,212
O7252,1,0,188,0,1,188
O7278,0,0,0,0,0,0
